,Coluna1,Coluna2,Coluna3,Coluna4,Média
Linha1,2.6,2.8,34.729,0.069,10.0495
Linha2,0.139,1.612,1.673,5.893,2.32925
Linha3,0.263,0.372,2.6,2.8,1.50875
Linha4,34.729,0.069,0.139,1.612,9.137250000000002
Linha5,1.673,5.893,0.263,0.372,2.05025
Média,7.881,2.149,7.881,2.149,5.015000000000001
